Workbook

Sheet Лист1
B1: Крыло | E1: Фюзеляж | H1: Оперение
B2: Обшивка | C2: Поперечный набор | D2: Продольный набор | E2: Обшивка | F2: Поперечный набор | G2: Продольный набор | H2: Обшивка | I2: Поперечный набор | J2: Продольный набор
A3: алюминиевых сплавов | B3: =Лист2!B5 -> 1200 | C3: =Лист2!C5 -> 1200 | D3: =Лист2!D5 -> 1200 | E3: =Лист2!E5 -> 1200 | F3: =Лист2!F5 -> 1200 | G3: =Лист2!G5 -> 1200 | H3: =Лист2!H5 -> 1200 | I3: =Лист2!I5 -> 1200 | J3: =Лист2!J5 -> 1200
A4: алюминиевых сплавов | B4: =Лист2!B6 -> 3200 | C4: =Лист2!C6 -> 8500 | D4: =Лист2!D6 -> 750 | E4: =Лист2!E6 -> 3200 | F4: =Лист2!F6 -> 8500 | G4: =Лист2!G6 -> 900 | H4: =Лист2!H6 -> 3200 | I4: =Лист2!I6 -> 8500 | J4: =Лист2!J6 -> 750
A5: композиционных материалов | B5: =Лист2!B7 -> 5800 | C5: =Лист2!C7 -> 12000 | D5: =Лист2!D7 -> 5800 | E5: =Лист2!E7 -> 5800 | F5: =Лист2!F7 -> 5800 | G5: =Лист2!G7 -> 5800 | H5: =Лист2!H7 -> 5800 | I5: =Лист2!I7 -> 12000 | J5: =Лист2!J7 -> 5800
A6: композиционных материалов | B6: =Лист2!B8 -> 3500 | C6: =Лист2!C8 -> 3500 | D6: =Лист2!D8 -> 3500 | E6: =Лист2!E8 -> 3500 | F6: =Лист2!F8 -> 3500 | G6: =Лист2!G8 -> 5800 | H6: =Лист2!H8 -> 3500 | I6: =Лист2!I8 -> 3500 | J6: =Лист2!J8 -> 3500

Sheet Лист2
A1: аблица 5: Стоимость 1 кг материала (руб./кг)
B3: Крыло | E3: Фюзеляж | H3: Оперение
B4: Обшивка | C4: Поперечный набор | D4: Продольный набор | E4: Обшивка | F4: Поперечный набор | G4: Продольный набор | H4: Обшивка | I4: Поперечный набор | J4: Продольный набор
A5: алюминиевых сплавов | B5: 1200 | C5: 1200 | D5: 1200 | E5: 1200 | F5: 1200 | G5: 1200 | H5: 1200 | I5: 1200 | J5: 1200
A6: алюминиевых сплавов | B6: 3200 | C6: 8500 | D6: 750 | E6: 3200 | F6: 8500 | G6: 900 | H6: 3200 | I6: 8500 | J6: 750
A7: композиционных материалов | B7: 5800 | C7: 12000 | D7: 5800 | E7: 5800 | F7: 5800 | G7: 5800 | H7: 5800 | I7: 12000 | J7: 5800
A8: композиционных материалов | B8: 3500 | C8: 3500 | D8: 3500 | E8: 3500 | F8: 3500 | G8: 5800 | H8: 3500 | I8: 3500 | J8: 3500
